{"inputUnits":[63],"outputUnits":5,"inputs":{"0":{"dtype":"number","min":0.048190340399742126,"max":0.9512432813644409},"1":{"dtype":"number","min":0.06692005693912506,"max":0.861960232257843},"2":{"dtype":"number","min":-8.674501827954373e-7,"max":6.858379038021667e-7},"3":{"dtype":"number","min":0.08390850573778152,"max":0.9079129099845886},"4":{"dtype":"number","min":0.0970902293920517,"max":0.8296240568161011},"5":{"dtype":"number","min":-0.07799475640058517,"max":0.020398318767547607},"6":{"dtype":"number","min":0.05264297500252724,"max":0.9174304008483887},"7":{"dtype":"number","min":0.1402868628501892,"max":0.7643584609031677},"8":{"dtype":"number","min":-0.1145775094628334,"max":0.024302735924720764},"9":{"dtype":"number","min":0.02484928071498871,"max":0.9674693942070007},"10":{"dtype":"number","min":0.12085330486297607,"max":0.7105854749679565},"11":{"dtype":"number","min":-0.1406257152557373,"max":0.02315589413046837},"12":{"dtype":"number","min":0.011398553848266602,"max":1.0103447437286377},"13":{"dtype":"number","min":0.08827879279851913,"max":0.7519610524177551},"14":{"dtype":"number","min":-0.1539527177810669,"max":0.02023080363869667},"15":{"dtype":"number","min":0.04957917705178261,"max":0.9129449129104614},"16":{"dtype":"number","min":0.11653903126716614,"max":0.7509009838104248},"17":{"dtype":"number","min":-0.13499531149864197,"max":0.022476550191640854},"18":{"dtype":"number","min":0.025501791387796402,"max":0.940714955329895},"19":{"dtype":"number","min":0.055923230946063995,"max":0.8288424015045166},"20":{"dtype":"number","min":-0.1763143092393875,"max":0.013950474560260773},"21":{"dtype":"number","min":0.012747589498758316,"max":0.9632737040519714},"22":{"dtype":"number","min":0.014726877212524414,"max":0.8899437189102173},"23":{"dtype":"number","min":-0.1983908861875534,"max":0.009236068464815617},"24":{"dtype":"number","min":0.001545727252960205,"max":0.9822279214859009},"25":{"dtype":"number","min":-0.01917918026447296,"max":0.9383857846260071},"26":{"dtype":"number","min":-0.21390417218208313,"max":0.0057406360283494},"27":{"dtype":"number","min":0.025592055171728134,"max":0.9177826642990112},"28":{"dtype":"number","min":0.10891132056713104,"max":0.7612018585205078},"29":{"dtype":"number","min":-0.12500117719173431,"max":0.013294104486703873},"30":{"dtype":"number","min":0.018689965829253197,"max":0.940263032913208},"31":{"dtype":"number","min":0.08311857283115387,"max":0.8447734117507935},"32":{"dtype":"number","min":-0.1716439127922058,"max":0.01180424727499485},"33":{"dtype":"number","min":0.015344344079494476,"max":0.9549475312232971},"34":{"dtype":"number","min":0.09442797303199768,"max":0.9174562096595764},"35":{"dtype":"number","min":-0.17378169298171997,"max":0.005950605496764183},"36":{"dtype":"number","min":0.003504931926727295,"max":0.9743949174880981},"37":{"dtype":"number","min":0.004185020923614502,"max":0.9741273522377014},"38":{"dtype":"number","min":-0.16923895478248596,"max":0.002353510819375515},"39":{"dtype":"number","min":-0.008354119956493378,"max":0.9542824625968933},"40":{"dtype":"number","min":0.11023566126823425,"max":0.7650607824325562},"41":{"dtype":"number","min":-0.1285325288772583,"max":0.01224385667592287},"42":{"dtype":"number","min":-0.025343410670757294,"max":0.9715446829795837},"43":{"dtype":"number","min":0.08027483522891998,"max":0.8333956599235535},"44":{"dtype":"number","min":-0.16220217943191528,"max":0.006429443601518869},"45":{"dtype":"number","min":-0.011547580361366272,"max":0.9816168546676636},"46":{"dtype":"number","min":0.10310022532939911,"max":0.8993910551071167},"47":{"dtype":"number","min":-0.13405506312847137,"max":0.0023848910350352526},"48":{"dtype":"number","min":-0.02024339884519577,"max":0.9887785911560059},"49":{"dtype":"number","min":0.05543997883796692,"max":0.9504036903381348},"50":{"dtype":"number","min":-0.12076015025377274,"max":0.007351370994001627},"51":{"dtype":"number","min":-0.04700027406215668,"max":0.9847952723503113},"52":{"dtype":"number","min":0.11129928380250931,"max":0.7634260058403015},"53":{"dtype":"number","min":-0.14322960376739502,"max":0.012341148220002651},"54":{"dtype":"number","min":-0.06346334517002106,"max":0.9963233470916748},"55":{"dtype":"number","min":0.08615986257791519,"max":0.8073904514312744},"56":{"dtype":"number","min":-0.1499100774526596,"max":0.0030078452546149492},"57":{"dtype":"number","min":-0.038061924278736115,"max":1.0031927824020386},"58":{"dtype":"number","min":0.09448876231908798,"max":0.8431046605110168},"59":{"dtype":"number","min":-0.12444739043712616,"max":0.0051467809826135635},"60":{"dtype":"number","min":-0.032281696796417236,"max":1.0086644887924194},"61":{"dtype":"number","min":0.08682333678007126,"max":0.8843274116516113},"62":{"dtype":"number","min":-0.1164562776684761,"max":0.008997686207294464}},"outputs":{"label":{"dtype":"string","min":0,"max":1,"uniqueValues":["Play","Pause","VolumeUp","VolumeDown","ToggleControls"],"legend":{"Play":[1,0,0,0,0],"Pause":[0,1,0,0,0],"VolumeUp":[0,0,1,0,0],"VolumeDown":[0,0,0,1,0],"ToggleControls":[0,0,0,0,1]}}},"isNormalized":true}