{"inputUnits":[63],"outputUnits":4,"inputs":{"0":{"dtype":"number","min":-0.08689995110034943,"max":0.7472752332687378},"1":{"dtype":"number","min":-0.01087835431098938,"max":0.9207520484924316},"2":{"dtype":"number","min":-9.800559155337396e-7,"max":0.0000011173773373229778},"3":{"dtype":"number","min":0.05450409650802612,"max":0.6719905138015747},"4":{"dtype":"number","min":0.05087152123451233,"max":0.9175652265548706},"5":{"dtype":"number","min":-0.05350521206855774,"max":0.015430882573127747},"6":{"dtype":"number","min":0.12825536727905273,"max":0.7182081341743469},"7":{"dtype":"number","min":0.15454095602035522,"max":0.8600012063980103},"8":{"dtype":"number","min":-0.08448339998722076,"max":0.006593096069991589},"9":{"dtype":"number","min":0.09960252046585083,"max":0.7670691013336182},"10":{"dtype":"number","min":0.2617933750152588,"max":0.7677093744277954},"11":{"dtype":"number","min":-0.12059899419546127,"max":-0.0076516373082995415},"12":{"dtype":"number","min":0.07915301620960236,"max":0.7340793013572693},"13":{"dtype":"number","min":0.34120771288871765,"max":0.6968349814414978},"14":{"dtype":"number","min":-0.1514432579278946,"max":-0.015644026920199394},"15":{"dtype":"number","min":0.15740783512592316,"max":0.695678174495697},"16":{"dtype":"number","min":0.14158952236175537,"max":0.6590049862861633},"17":{"dtype":"number","min":-0.14311674237251282,"max":0.015975750982761383},"18":{"dtype":"number","min":0.13115620613098145,"max":0.7285231947898865},"19":{"dtype":"number","min":0.2680581212043762,"max":0.5460367202758789},"20":{"dtype":"number","min":-0.19162876904010773,"max":-0.007964502088725567},"21":{"dtype":"number","min":0.11834551393985748,"max":0.7437447309494019},"22":{"dtype":"number","min":0.20699921250343323,"max":0.6190800666809082},"23":{"dtype":"number","min":-0.21352621912956238,"max":-0.020077791064977646},"24":{"dtype":"number","min":0.1097363606095314,"max":0.7550075650215149},"25":{"dtype":"number","min":0.15203125774860382,"max":0.6789407730102539},"26":{"dtype":"number","min":-0.22505120933055878,"max":-0.02437850646674633},"27":{"dtype":"number","min":0.1335216462612152,"max":0.7139689922332764},"28":{"dtype":"number","min":0.1354554295539856,"max":0.6262601613998413},"29":{"dtype":"number","min":-0.15265344083309174,"max":0.009790122509002686},"30":{"dtype":"number","min":0.12133621424436569,"max":0.7080015540122986},"31":{"dtype":"number","min":0.24147699773311615,"max":0.5541181564331055},"32":{"dtype":"number","min":-0.2048300951719284,"max":-0.010302217677235603},"33":{"dtype":"number","min":0.11232838034629822,"max":0.706814169883728},"34":{"dtype":"number","min":0.1691468358039856,"max":0.6410908102989197},"35":{"dtype":"number","min":-0.2210698425769806,"max":-0.02174946293234825},"36":{"dtype":"number","min":0.10487431287765503,"max":0.7322278618812561},"37":{"dtype":"number","min":0.1104164719581604,"max":0.7148997783660889},"38":{"dtype":"number","min":-0.2338520884513855,"max":-0.008498081937432289},"39":{"dtype":"number","min":0.07269527018070221,"max":0.7538443207740784},"40":{"dtype":"number","min":0.1438702642917633,"max":0.6350111961364746},"41":{"dtype":"number","min":-0.15464413166046143,"max":-0.003152526216581464},"42":{"dtype":"number","min":0.09243815392255783,"max":0.7507985830307007},"43":{"dtype":"number","min":0.2910333275794983,"max":0.5506467819213867},"44":{"dtype":"number","min":-0.19267651438713074,"max":-0.020590195432305336},"45":{"dtype":"number","min":0.1297753006219864,"max":0.7479264736175537},"46":{"dtype":"number","min":0.23058383166790009,"max":0.6543551087379456},"47":{"dtype":"number","min":-0.17853222787380219,"max":-0.022737298160791397},"48":{"dtype":"number","min":0.15453092753887177,"max":0.7445299625396729},"49":{"dtype":"number","min":0.15971890091896057,"max":0.7450203895568848},"50":{"dtype":"number","min":-0.17130936682224274,"max":0.000681706762406975},"51":{"dtype":"number","min":0.020609892904758453,"max":0.7976051568984985},"52":{"dtype":"number","min":0.15898442268371582,"max":0.6617861986160278},"53":{"dtype":"number","min":-0.155796617269516,"max":-0.013298265635967255},"54":{"dtype":"number","min":0.07020886242389679,"max":0.7948060035705566},"55":{"dtype":"number","min":0.3051639497280121,"max":0.6394131779670715},"56":{"dtype":"number","min":-0.1815706193447113,"max":-0.03220956027507782},"57":{"dtype":"number","min":0.10637602210044861,"max":0.7897411584854126},"58":{"dtype":"number","min":0.2926005721092224,"max":0.7272268533706665},"59":{"dtype":"number","min":-0.17195862531661987,"max":-0.024803729727864265},"60":{"dtype":"number","min":0.12333076447248459,"max":0.783923327922821},"61":{"dtype":"number","min":0.24610590934753418,"max":0.7922269701957703},"62":{"dtype":"number","min":-0.15885159373283386,"max":-0.009715981781482697}},"outputs":{"label":{"dtype":"string","min":0,"max":1,"uniqueValues":["Play","Pause","VolumeUp","VolumeDown"],"legend":{"Play":[1,0,0,0],"Pause":[0,1,0,0],"VolumeUp":[0,0,1,0],"VolumeDown":[0,0,0,1]}}},"isNormalized":true}